Model,Accuracy,Precision,Recall,F1 Score
Random Forest,0.9543269230769231,0.957983193277311,0.890625,0.9230769230769231
Decision Tree,0.9086538461538461,0.8515625,0.8515625,0.8515625
Logistic Regression,0.84375,0.7647058823529411,0.7109375,0.7368421052631579
Gradient Boosting,0.9471153846153846,0.9344262295081968,0.890625,0.9120000000000001
